owl:Class,dct:identifier,schema:name,ex:TheaterKlassifikation,schema:addressLocality,ex:AblageortSTS,schema:addressRegion,schema:relatedLink,schema:Organization,ex:rep,ex:statusaaktivnanichtaktiv,ex:EckdatennichtSTS,ex:frühereNamen,ex:Dokumente1,ex:Dokumente2,ex:Dokumente3,ex:Dokumente4
spa:DatenbankUrsFestivals,STS-DatenbankUrsFestivals00000001,,,,,,,,,,,,VP,,PA,
spa:DatenbankUrsFestivals,STS-DatenbankUrsFestivals00000002,,,,,,,,,,,,Volumen Couvert Anzahl  (x C)  Schachteln Anzahl (x S)  Bände       Anzahl (x B)      Rezensionen   Anzahl (x R) keine (00),Grenzdaten  historisch XXXX-XXXX   aktiv       XXXX- ,Volumen Couvert Anzahl  (x C)  Schachteln Anzahl (x S)  Bände       Anzahl (x B)      Rezensionen   Anzahl (x R) keine (00),Grenzdaten  historisch XXXX-XXXX   aktiv       XXXX- 
spa:DatenbankUrsFestivals,STS-DatenbankUrsFestivals00000003,,,,,,,,,,,,,,,
spa:DatenbankUrsFestivals,STS-DatenbankUrsFestivals00000004,"""Krönung"" (Kleinkunstfestival) <Produktion: Gong, Aadorf und Kulturbau Winterthur, Casino Theater Burgdorf, Agentur für ansprechenden Unfug>",FES VOK,"Aadorf, Burgdorf, Winterthur",Burgdorf: Casino Theater Burgdorf,BE,,,,a,,,,,,
spa:DatenbankUrsFestivals,STS-DatenbankUrsFestivals00000005,Klang-November (Klangnovember),FES,Aarau,Aarau (Sammelvoucert),AG,,,,a,(noch existent?),,,,2 R,2004
spa:DatenbankUrsFestivals,STS-DatenbankUrsFestivals00000006,Kunstexpander <interdisziplinäres Festival>,FES,Aarau,Aarau (Sammelvoucert),AG,,,,na,2005 / 2006 / 2008 / 2010,,,,1 R,2005
spa:DatenbankUrsFestivals,STS-DatenbankUrsFestivals00000007,Jugend Theater Festival Schweiz,FES STK,Aarau,Aarau,AG,,,,a,,,,,,2015-
spa:DatenbankUrsFestivals,STS-DatenbankUrsFestivals00000008,"Schachen Aarau (Schachen-Festival) (inkl. Sommernachtsfestspiele, Mehrzweckhalle)",-0,Aarau,Aarau,AG,,,,na,,,,,,1954-1957 / 1983 / 1986
spa:DatenbankUrsFestivals,STS-DatenbankUrsFestivals00000009,Schultheatertreffen (Oberstufenschule) Aarau,FES ATV,Aarau,Aarau (Sammelvoucert),AG,,,,na,?,,,,4 R,1994 / 2003 / 2009
spa:DatenbankUrsFestivals,STS-DatenbankUrsFestivals00000010,Theatertage Aarau,FES ATV,Aarau,Aarau (ZSV),AG,,,,a,,Schweizer Volkstheatertage,,,,
spa:DatenbankUrsFestivals,STS-DatenbankUrsFestivals00000011,Appenzeller Figurentheater-Festival,FES STP,Appenzell,Appenzell,AI,,Unima,,a,,,,,,
spa:DatenbankUrsFestivals,STS-DatenbankUrsFestivals00000012,Appenzeller Kabarett-Tage,-0,Appenzell,Kabarett: Appenzell,AI,,,,na,,,,,,
spa:DatenbankUrsFestivals,STS-DatenbankUrsFestivals00000013,Arosa Kultur (später: Arosa Musik Theater),-0,Arosa,Arosa,GR,,,,na,,,,,,
spa:DatenbankUrsFestivals,STS-DatenbankUrsFestivals00000014,Arosa Musik Theater,FES,Arosa,Arosa,GR,,,,a,,Arosa Kultur,,,,
spa:DatenbankUrsFestivals,STS-DatenbankUrsFestivals00000015,Humorfestival Arosa,FES VOK,Arosa,Kabarett: Arosa,GR,,,,a,,,,,,
spa:DatenbankUrsFestivals,STS-DatenbankUrsFestivals00000016,Festival internazionale di narrazione dei Paesi della Montagna,FES,Arzo,Arzo,TI,,,,a,,,,,,
spa:DatenbankUrsFestivals,STS-DatenbankUrsFestivals00000017,Laban-Event,FES STT,Ascona,Ascona,TI,,,,a,,,,,,
spa:DatenbankUrsFestivals,STS-DatenbankUrsFestivals00000018,Settimane Musicali di Ascona,FES,Ascona,Ascona,TI,,,,a,1946-,,,,,
spa:DatenbankUrsFestivals,STS-DatenbankUrsFestivals00000019,Baden Magisch (Internationales Festival der Magie),FES,Baden,Baden,AG,,,,a,,Magic Nights,,,,
spa:DatenbankUrsFestivals,STS-DatenbankUrsFestivals00000020,Badenfahrt,FES,Baden,Baden,AG,,,,a,,,,,,1977 / 1980 / 1982 / 1987 / 1991 / 1997 / 2007
spa:DatenbankUrsFestivals,STS-DatenbankUrsFestivals00000021,Figura Theaterfestival,FES STP,Baden,Baden,AG,,Unima,,a,,,,,2 C,1994-
spa:DatenbankUrsFestivals,STS-DatenbankUrsFestivals00000022,"Magic Nights (später: Baden Magisch, Internationales Festival der Magie)",-0,Baden,Baden,AG,,,,na,,,,,,
spa:DatenbankUrsFestivals,STS-DatenbankUrsFestivals00000023,"Nacht des Theaters (halle 36 , ABB-Areal)",FES,Baden,Baden,BS,,,,na,1992,,,,1 C,1992
spa:DatenbankUrsFestivals,STS-DatenbankUrsFestivals00000024,Seniorentheaterfestival Baden,FES ATV,Baden,Baden,AG,,,,a,"1992, 1996",,,,,
spa:DatenbankUrsFestivals,STS-DatenbankUrsFestivals00000025,Kultursommer Balzers,FES,Balzers,Balzers,FL,,,,a,,,,,,
spa:DatenbankUrsFestivals,STS-DatenbankUrsFestivals00000026,Art Fair: Liste: Performing Projects,-0,Basel,Basel: Art Basel,BS,,,,a,,,,,,
spa:DatenbankUrsFestivals,STS-DatenbankUrsFestivals00000027,Basler Schultheaterwoche,FES ATV,Basel,Basel: Stadttheater: Kleine Bühne,BS,,,,na,,,,,,
spa:DatenbankUrsFestivals,STS-DatenbankUrsFestivals00000028,Culturescapes (Festival),FES,Basel,Basel,BS,,,,a,2006-,,,,1 C,2006-
spa:DatenbankUrsFestivals,STS-DatenbankUrsFestivals00000029,Dalbeloch-Spektakel (Spektakel im Dalbeloch),FES,Basel,Basel,BS,,,,a,?,,,,1 C,1987-(1983)
spa:DatenbankUrsFestivals,STS-DatenbankUrsFestivals00000030,Europäischer Musikmonat,FES,Basel und andere Orte,Basel,BS,,,,na,2001,,,,1 C,2001
spa:DatenbankUrsFestivals,STS-DatenbankUrsFestivals00000031,FigurenTheaterFestival Basel (Figurentheater-Festival Basel),FES STP,Basel,Basel,BS,,Unima,,a,2003-,,,,1 C,2003-(2009)
spa:DatenbankUrsFestivals,STS-DatenbankUrsFestivals00000032,"Humoratorium (Projekt, inkl. Kongresse)",-0,Basel,Basel,BS,,,,na,,,,,,
spa:DatenbankUrsFestivals,STS-DatenbankUrsFestivals00000033,It’s The Real Thing (Basler Dokumentartage),FES,Basel,Basel,BS,,,,a,,,,,1 C,2013-
spa:DatenbankUrsFestivals,STS-DatenbankUrsFestivals00000034,JETanZT (Festival Freie Tanzszene),FES STT,Basel,Basel,BS,,,,na,1991,,,,1 C,1991
spa:DatenbankUrsFestivals,STS-DatenbankUrsFestivals00000035,Jugend Kultur Festival Basel (JKF),FES,Basel,Basel,BS,,,,a,,,,,1 C,1997 / 2000 / 2003 / 2005 / 2013
spa:DatenbankUrsFestivals,STS-DatenbankUrsFestivals00000036,Kleinbasler Theaterfestival,-0,Basel,"Basel: Kleinbasler Theaterfestival (Grundsätzliches, mehrere Aufführungen ausländische Gastspiele), Stammort Schweizer Theater (wenn 1-2 Aufführungen)",BS,,,,na,"1985, 1986",,,,,
spa:DatenbankUrsFestivals,STS-DatenbankUrsFestivals00000037,Martinu Festtage,FES,Basel,"Martinu, Bohuslav",BS,,,,a,,,,,,
spa:DatenbankUrsFestivals,STS-DatenbankUrsFestivals00000038,Musik der Welt (Festival),FES,Basel,Basel,BS,,,,na,1987-2001,,,,1 C,(1994)-2001
spa:DatenbankUrsFestivals,STS-DatenbankUrsFestivals00000039,PerformaCity ,FES,Basel,Basel: Kaserne Basel,BS,,,,a,,,,,,
spa:DatenbankUrsFestivals,STS-DatenbankUrsFestivals00000040,Spiilplätz (Festival),FES STK,Basel,"Basel: Theater Basel, Div. <eigenl. Wechselnde Orte: Basel, Bern, Luzern>",BS,,Assitej,,a,,,,,1 C,2000 / 2002 / 2004 / 2006 / 2011
spa:DatenbankUrsFestivals,STS-DatenbankUrsFestivals00000041,Tango-Festival Basel,FES STT,Basel,Basel,BS,,,,a,2008-,,,,1 C,2008-(2011)
spa:DatenbankUrsFestivals,STS-DatenbankUrsFestivals00000042,Tanz in Stücken,FES STT,"Basel, Zürich u.v.a.",Basel (siehe auch Bern und Zürich),BS,,,,a,(noch existent?),,,,1 C,1994 (Basel) 1995-1997 (Bern)
spa:DatenbankUrsFestivals,STS-DatenbankUrsFestivals00000043,Tanzszene Schweiz '85,-0,Basel,Basel: Stadttheater: Kleine Bühne,BS,,,,na,,,,,,
spa:DatenbankUrsFestivals,STS-DatenbankUrsFestivals00000044,Tanztage Basel,FES STT,Basel,Basel,BS,,,,a,(noch existent?),,,,2 C,2002-(2011)
spa:DatenbankUrsFestivals,STS-DatenbankUrsFestivals00000045,Theaterfestival Basel (Theater Festival Basel) (früher: Welt in Basel),FES,Basel,Basel,BS,,,,a,,,,,2 S,1991-
spa:DatenbankUrsFestivals,STS-DatenbankUrsFestivals00000046,Theaterschiff (internationales Jugendtheaterprojekt),FES STK,Basel,Basel,BS,,,,na,1952,,,,1 C,1952
spa:DatenbankUrsFestivals,STS-DatenbankUrsFestivals00000047,Treibstoff Theatertage Basel,FES TFS,Basel,Basel,BS,,,,a,,,,,1 C,2004-
spa:DatenbankUrsFestivals,STS-DatenbankUrsFestivals00000048,u.a. (Festival),FES,Basel,Basel,BS,,,,na,?,,,,1 C,1993
spa:DatenbankUrsFestivals,STS-DatenbankUrsFestivals00000049,Welt in Basel (später: Theaterfestival Basel),-0,Basel,Basel: Kaserne Basel,BS,,,,na,1991-?,,,,,
spa:DatenbankUrsFestivals,STS-DatenbankUrsFestivals00000050,Welttanz-Festival Basel (Welttanztag),FES STT,Basel,Basel,BS,,,,na,?,,,,1 C,"1993, 1994, 2002"
spa:DatenbankUrsFestivals,STS-DatenbankUrsFestivals00000051,Wildwuchs Festival,FES,Basel,Basel,BS,,Premio,,a,,,,,1 C,2001 / 2004 / 2007 / 2009
spa:DatenbankUrsFestivals,STS-DatenbankUrsFestivals00000052,Chi è di scena,FES,Bellinzona,Bellinzona: Teatro Sociale,TI,,,,a,,,,,,
spa:DatenbankUrsFestivals,STS-DatenbankUrsFestivals00000053,com.x (festival della comicità),FES VOK,Bellinzona,Bellinzona: Teatro Sociale,TI,,,,a,,,,,,
spa:DatenbankUrsFestivals,STS-DatenbankUrsFestivals00000054,Festival internazionale del teatro per l'infanzia e la gioventù,-0,Bellinzona,Bellinzona,TI,,,,na,,,,,,
spa:DatenbankUrsFestivals,STS-DatenbankUrsFestivals00000055,Homo Ridens Festival,FES VOK,Bellinzona,Bellinzona,TI,,,,a,,,,,,
spa:DatenbankUrsFestivals,STS-DatenbankUrsFestivals00000056,Territori (Festival di teatro),FES,Bellinzona,Bellinzona: Teatro Sociale: Territori,TI,,,,a,,,,,,
spa:DatenbankUrsFestivals,STS-DatenbankUrsFestivals00000057,Afrique Noire (Festival),FES,Bern,Bern <siehe auch unter: Bern: Schlachthaus Theater und Bern: Dampfzentrale),BE,,,,a,,,,,1 C,"2001, 2003, 2005, 2006"
spa:DatenbankUrsFestivals,STS-DatenbankUrsFestivals00000058,Akzeptanz (akzepTANZ) (Manifest für den Tanz CH),FES STT,Bern,Bern,BE,,,,na,,,,,1 C,2004
spa:DatenbankUrsFestivals,STS-DatenbankUrsFestivals00000059,Auawirleben (Aua wir Leben!) (Berner Ensemble),FES TFS,Bern,"Bern <bis 31.7.1987 unter Bern: Stadttheater, später eigene Ablage>",BE,,,r,a,1982-,,,,3 S,(1988)-
spa:DatenbankUrsFestivals,STS-DatenbankUrsFestivals00000060,Berner Altstadtsommer (Berner Altstadt-Festival),FES,Bern,Bern <siehe auch unter Bern: Altes Schlachthaus>,BE,,,,na,1978,,,,1 C,"1978, 1983-(2002)"
spa:DatenbankUrsFestivals,STS-DatenbankUrsFestivals00000061,Berner Humortage,FES,Bern,Bern,BE,,,,a,,,,,,
spa:DatenbankUrsFestivals,STS-DatenbankUrsFestivals00000062,Berner Kunstwochen,FES,Bern,Bern <Einzelveranstaltungen unter Bern: Stadttheater u.a. betiligte Orte>,BE,,,,na,?,,,,1 C,"1970, 1972"
spa:DatenbankUrsFestivals,STS-DatenbankUrsFestivals00000063,Berner Poesienacht,FES,Bern,Bern: Botanischer Garten,BE,,,,a,,,,,,
spa:DatenbankUrsFestivals,STS-DatenbankUrsFestivals00000064,Berner StudentInnen Theater Festival (Bestival),FES ATV,Bern,Bern,BE,,,,a,,,,,,
spa:DatenbankUrsFestivals,STS-DatenbankUrsFestivals00000065,Berner Tanztage ,-0,Bern,Bern,BE,,,,na,1987-2007,,,,3 S,1987-2007
spa:DatenbankUrsFestivals,STS-DatenbankUrsFestivals00000066,Biennale Bern (Festival für Zeitgenössische Künste),FES,Bern,"Bern, HKB",BE,,,,a,,,,,,
spa:DatenbankUrsFestivals,STS-DatenbankUrsFestivals00000067,Bone (Festival für Aktionskunst) (Bone Performance Festival),FES,Bern,"Bern, Schlachthaus Theater",BE,,,,a,,,,,,
spa:DatenbankUrsFestivals,STS-DatenbankUrsFestivals00000068,Buskers (Strassenmusik-Festival),FES,Bern,Bern,BE,,,,a,2004-,,,,1 C,2004-
spa:DatenbankUrsFestivals,STS-DatenbankUrsFestivals00000069,"Community Dance Festival, Community Arts Festival <Veranstalter: BewegGrund>",FES,Bern,Bern: BewegGrund und Bern: Community Dance Festvial,BE,,,,a,?,,,,1 C,"1999, 2006, 2009"
spa:DatenbankUrsFestivals,STS-DatenbankUrsFestivals00000070,Drehorgel-Festival,FES,Bern,Bern,BE,,,,a,(noch existent?),,,,1 C,1979
spa:DatenbankUrsFestivals,STS-DatenbankUrsFestivals00000071,"Festival Ouest-Est (Tanz, Theater, Performance)",FES,Bern,Bern (früher siehe auch unter Bern: Dampfzentrale und Bern: Schlachthaus-Theater),BE,,,,a,2005-2008?,,,,1 C,"2007, 2008"
spa:DatenbankUrsFestivals,STS-DatenbankUrsFestivals00000072,Forever Young (Tanzfestival),FES STT,Bern,Bern: Dampfzentrale,BE,,,,a,,,,,,
spa:DatenbankUrsFestivals,STS-DatenbankUrsFestivals00000073,Heimspiel (Tanz Festival Heimspiel),FES STT,Bern,Bern: Dampfzentrale,,,,,a,,,,,,
spa:DatenbankUrsFestivals,STS-DatenbankUrsFestivals00000074,Internationales Festival kleiner Bühnen,-0,Bern,"Bern: Internat. Festival kleiner Bühnen (wenn Grundsätzliches, mehrere Aufführungen od. ausländische Gastspiele, Stammort einzl. Schweizer Theater, wenn 1-2 Aufführungen",BE,,,,na,1972-1983,,,,1 S,1972-(1986)
spa:DatenbankUrsFestivals,STS-DatenbankUrsFestivals00000075,Internationaler Sommerkurs für Tanz,-0,Bern,Bern,BE,,,,na,1973,,,,1 C,1973
spa:DatenbankUrsFestivals,STS-DatenbankUrsFestivals00000076,Ja'salâm (Festival),FES,Bern,Bern (siehe auch unter Bern: Schlachthaus-Theater und Bern: Dampfzentrale),BE,,,,na,2002,,,,1 C,2002
spa:DatenbankUrsFestivals,STS-DatenbankUrsFestivals00000077,kicks (Kindertheaterfestival),FES STK,Bern,Bern: Schlachthaus Theater,BE,,,,a,2016-,,,,,
spa:DatenbankUrsFestivals,STS-DatenbankUrsFestivals00000078,Life Games (Tanz-Theaterspektakel),FES,Bern,Bern,BE,,,,na,2009,,,,1 C,2009
spa:DatenbankUrsFestivals,STS-DatenbankUrsFestivals00000079,Machine Love Festival,FES,Bern,Bern: Dampfzentrale,BE,,,,a,,,,,,
spa:DatenbankUrsFestivals,STS-DatenbankUrsFestivals00000080,Literaare,FES,Thun,Thun,BE,,,,a,,,,,,
spa:DatenbankUrsFestivals,STS-DatenbankUrsFestivals00000081,Museumsnacht Bern (Berner Museumsnacht),-0,Bern,Bern,BE,,,,a,2003-,,,,1 C,"2007, 2012"
spa:DatenbankUrsFestivals,STS-DatenbankUrsFestivals00000082,Musikfestival Bern,FES,Bern,Bern,BE,,,,a,2007-,,,,1 C,"2011, 2013"
spa:DatenbankUrsFestivals,STS-DatenbankUrsFestivals00000083,Schul- und Jugendtheatertreffen Bern,FES STK,Bern,Bern,BE,,,,a,?,,,,1 C,(1982)-
spa:DatenbankUrsFestivals,STS-DatenbankUrsFestivals00000084,"Schule und Theater (Projekt, Bern)",-0,Bern,Bern,BE,,,,na,?,,,,1 C,"1983, 1985, 1987, 1988"
spa:DatenbankUrsFestivals,STS-DatenbankUrsFestivals00000085,sonOhr (Hörfestival),FES,Bern,Bern,BE,,,,a,2009-,,,,1 C,2014-
spa:DatenbankUrsFestivals,STS-DatenbankUrsFestivals00000086,Steps To Get It,FES STT,Bern,Bern,BE,,,,a,,,,,,
spa:DatenbankUrsFestivals,STS-DatenbankUrsFestivals00000087,Tag des Tanzes (Bundesplatz),FES STT,Bern,Bern,BE,,,,na,?,,,,1 C,"1985, 1987"
spa:DatenbankUrsFestivals,STS-DatenbankUrsFestivals00000088,Tanz in Bern (Tanz in. Bern / Tanz in.Bern),FES STT,Bern,Bern: Dampfzentrale: Tanz in Bern,BE,,,,a,,,,,,
spa:DatenbankUrsFestivals,STS-DatenbankUrsFestivals00000089,Tanzparenz,FES STT,Bern,Bern (siehe auch Bern: Tanz Aktive Plattform TAP) (siehe für tanz@dz auch Bern: Dampfzentrale),BE,,,,na,?,,,,1 C,"1994, 1998, 2000, 2002, 2006"
spa:DatenbankUrsFestivals,STS-DatenbankUrsFestivals00000090,Tanzplattform Bern (Festival),FES STT,Bern,Bern: KTB,BE,,,,a,,,,,,
spa:DatenbankUrsFestivals,STS-DatenbankUrsFestivals00000091,TheaterSalater,FES STK,Bern,Bern,BE,,,,na,1987,,,,1 C,1987
spa:DatenbankUrsFestivals,STS-DatenbankUrsFestivals00000092,Criminale (Krimifestival),FES,Bern/Solothurn,CH.: Einz. Reg.: Kt. Bern,BE/SO,,,,a,,,,,,
spa:DatenbankUrsFestivals,STS-DatenbankUrsFestivals00000093,Petronilla in scena (Festival Teatro dialettale),FES ATV,Biasca,Biasca,TI,,,,a,,,,,,
spa:DatenbankUrsFestivals,STS-DatenbankUrsFestivals00000094,Pod'Ring,FES,Biel,Biel,BE,,,,a,,,,,,
spa:DatenbankUrsFestivals,STS-DatenbankUrsFestivals00000095,SPOT – Schweizer Theaterfestival für junges Publikum (Festival Spot),FES STK,Biel,CH: Grundsätzliches: wechselnde Orte,BE,,,,a,,,,,,
spa:DatenbankUrsFestivals,STS-DatenbankUrsFestivals00000096,Festival Internazionale Ruggiero Leoncavallo (Festival Ruggiero Leoncavallo Leoncavallo-Festival Brissago),FES,Brissago,Brissago,TI,,,,a,,,,,,
spa:DatenbankUrsFestivals,STS-DatenbankUrsFestivals00000097,Journées du théâtre amateur Romand,-0,Bulle,Bulle (nicht ZSV),FR,,,,na,1983,,,,,
spa:DatenbankUrsFestivals,STS-DatenbankUrsFestivals00000098,Rencontres théâtrales ,FES ATV,Bulle,Bulle,FR,,,,a,,,,,,
spa:DatenbankUrsFestivals,STS-DatenbankUrsFestivals00000099,"""Kopfsalat""",FES VOK,Burgdorf,Kabarett: Burgdorf,BE,,,,a,,,,,,
spa:DatenbankUrsFestivals,STS-DatenbankUrsFestivals00000100,"""Kopfnuss""",FES VOK,Burgdorf,Kabarett: Burgdorf,BE,,,,a,,,,,,
spa:DatenbankUrsFestivals,STS-DatenbankUrsFestivals00000101,CTRL-J (festival),FES STK,Carouge,Genève,GE,,,,a,2015-,,,,,
spa:DatenbankUrsFestivals,STS-DatenbankUrsFestivals00000102,Printemps Carougeois (Festival),FES,Carouge,Carouge,GE,,,,a,,,,,,
spa:DatenbankUrsFestivals,STS-DatenbankUrsFestivals00000103,Maxi-Rires (Festival),FES VOK,Champéry,Champéry,VS,,,,a,,,,,,
spa:DatenbankUrsFestivals,STS-DatenbankUrsFestivals00000104,Festival de Chézard (Amateurtheater),-0,Chézard,Chézard,NE,,,,na,,,,,,
spa:DatenbankUrsFestivals,STS-DatenbankUrsFestivals00000105,Chiasso Danza,FES STT,Chiasso,Chiasso,TI,,,,a,1989-,Rassegna di Danza contemporanea,,,,
spa:DatenbankUrsFestivals,STS-DatenbankUrsFestivals00000106,Bündner Theaterfestival,FES ATV,Chur,Chur,GR,,,,a,,,,,,
spa:DatenbankUrsFestivals,STS-DatenbankUrsFestivals00000107,Buskers (Strassenfestival),FES,Chur,Chur,GR,,,,a,,,,,,
spa:DatenbankUrsFestivals,STS-DatenbankUrsFestivals00000108,"Internationales Theaterfestival ""Klibühni Schnidrzumft""",-0,Chur,Chur,GR,,,,na,,,,,,
spa:DatenbankUrsFestivals,STS-DatenbankUrsFestivals00000109,Welt in Chur (Festival),FES,Chur,Chur,GR,,,,a,,,,,,
spa:DatenbankUrsFestivals,STS-DatenbankUrsFestivals00000110,Theatralische Adventskalender Chur,-0,Chur,Chur,GR,,,,a,2003-,,,,,
spa:DatenbankUrsFestivals,STS-DatenbankUrsFestivals00000111,Festival di Teatro al Castelmur,FES,Coltura (Stampa),Stampa,GR,,,,a,,,,,,
spa:DatenbankUrsFestivals,STS-DatenbankUrsFestivals00000112,Autour de Mme Staël (AMS),FES,Coppet,Coppet,VD,,,,a,,,,,,
spa:DatenbankUrsFestivals,STS-DatenbankUrsFestivals00000113,Carrefour des Théâtres (CDT),FES,Courrendlin,Courrendlin,JU,,,,a,,,,,,
spa:DatenbankUrsFestivals,STS-DatenbankUrsFestivals00000114,Festi’Laaf,FES,Courtételle,Courtételle,JU,,,,a,,,,,,
spa:DatenbankUrsFestivals,STS-DatenbankUrsFestivals00000115,"Jardins ... (Jardins de la liberté, 1989, Jardins de la paix, 1993, Jardins de la vieille, 1997, Jardins du Rire, 2001,  Jardins de Gavroche, 2005, Jardins du Paradis, 2009, Révolte aux Jardins, 2013, Jardins ...?, 2017) <confrérie des jardiniers>",FES,Delémont,Delémont,JU,,,,na,,,,,,
spa:DatenbankUrsFestivals,STS-DatenbankUrsFestivals00000116,Kabarett-Tage Dübendorf,-0,Dübendorf,Dübendorf,ZH ,,,,na,1995-1998,,,,,
spa:DatenbankUrsFestivals,STS-DatenbankUrsFestivals00000117,Erlach lacht,FES VOK,Erlach,Erlach,BE,,,,a,,,,,,
spa:DatenbankUrsFestivals,STS-DatenbankUrsFestivals00000118,Festival Belluard Bollwerk International,FES,Freiburg,Freiburg,FR,,,,a,,,,,,
spa:DatenbankUrsFestivals,STS-DatenbankUrsFestivals00000119,Volksbühnen-Festival,-0,Freiburg,Freiburg,FR,,,,na,1991,,,,,
spa:DatenbankUrsFestivals,STS-DatenbankUrsFestivals00000120,FriScènes (Festival International de Théâtre Fribourg),,Fribourg,Fribourg,FR,,,,a,,,,,,
spa:DatenbankUrsFestivals,STS-DatenbankUrsFestivals00000121,Juilletdanse,FES STT,Fribourg,Fribourg,FR,,,,a,,,,,,
spa:DatenbankUrsFestivals,STS-DatenbankUrsFestivals00000122,Le printemps des compagnies (festival),FES,Fribourg,Fribourg: Théâtre des Osses,FR,,,,a,,,,,,
spa:DatenbankUrsFestivals,STS-DatenbankUrsFestivals00000123,Mourrire Festival de l'humour et du rire,-0,Fribourg,Fribourg (vor 1984: Pully),FR/VD,,,,na,,,,,,
spa:DatenbankUrsFestivals,STS-DatenbankUrsFestivals00000124,Semaine Suisse du théâtre d'animation,-0,Genève,Genève: Théatre St. Gervais,GE,,,,na,,,,,,
spa:DatenbankUrsFestivals,STS-DatenbankUrsFestivals00000125,"C'est déja demain (jeunes comédiens, jeunces compagnies) (Théâtre du Loup)",FES,Genève,Genève: Théâtre du Loup,GE,,,,a,,,,,,
spa:DatenbankUrsFestivals,STS-DatenbankUrsFestivals00000126,Festival Antigel,FES,Genève,Genève,GE,,,,a,,,,,,
spa:DatenbankUrsFestivals,STS-DatenbankUrsFestivals00000127,Festival Archipel (festival des musiques d'aujourd'hui),FES,Genève,Genève,GE,,,,a,?,,,,1 C,(1993)-
spa:DatenbankUrsFestivals,STS-DatenbankUrsFestivals00000128,Festival Bouche à Oreille,FES,Genève,Genève:  Théâtre Spirale,GE,,,,a,,,,,,
spa:DatenbankUrsFestivals,STS-DatenbankUrsFestivals00000129,Festival d'Ateliers-Théâtre,FES,Genève,Genève,GE,,,,a,1998-,,,,,
spa:DatenbankUrsFestivals,STS-DatenbankUrsFestivals00000130,Festival du rire,FES VOK,Genève,Genève,GE,,,,a,,,,,,
spa:DatenbankUrsFestivals,STS-DatenbankUrsFestivals00000131,Festival Les Singulières,FES,Genève,Genève: Théâtre de Poche,GE,,,,a,,,,,,
spa:DatenbankUrsFestivals,STS-DatenbankUrsFestivals00000132,Festival International de Flamenco,FES STT,Genève,Genève,GE,,,,a,,,,,,
spa:DatenbankUrsFestivals,STS-DatenbankUrsFestivals00000133,Festival international de spectacle pour jeune public,-0,Genève,Genève,GE,,,,na,1979-1983?,,,,,
spa:DatenbankUrsFestivals,STS-DatenbankUrsFestivals00000134,Festival musiques et sciences,FES,Genève,Genève,GE,,,,a,,,,,,
spa:DatenbankUrsFestivals,STS-DatenbankUrsFestivals00000135,Festival Poussière du Monde,FES,Lancy (Grand-Lancy),Genève,GE,,,,a,,,,,,
spa:DatenbankUrsFestivals,STS-DatenbankUrsFestivals00000136,Fête du Théâtre,FES,Genève,Genève,GE,,,,a,,,,,,
spa:DatenbankUrsFestivals,STS-DatenbankUrsFestivals00000137,Geneva Burlesque Festival,FES,Genève,Genève,GE,,,,a,,,,,,
spa:DatenbankUrsFestivals,STS-DatenbankUrsFestivals00000138,Gratte-Bitume (Festival des Arts de la rue),FES,Genève,Genève,GE,,,,a,,,,,,
spa:DatenbankUrsFestivals,STS-DatenbankUrsFestivals00000139,La Bâtie – Festival de Genève (Festival de la Bâtie),FES,Genève,Genève,GE,,Corodis,,a,1977-,Festival du Bois de la Bâtie,,,3 S,(1978)-
spa:DatenbankUrsFestivals,STS-DatenbankUrsFestivals00000140,Mai au Parc (Festival),FES,Lancy (Grand-Lancy),Genève,GE,,,,a,,,,,,
spa:DatenbankUrsFestivals,STS-DatenbankUrsFestivals00000141,Out of the Box (Biennale des Arts inclusifs),FES,Genève,Genève,GE,,,,a,,,,,,
spa:DatenbankUrsFestivals,STS-DatenbankUrsFestivals00000142,Festival Assemblages,FES,Genève (Troinex),Genève,GE,,,,a,,,,,,
spa:DatenbankUrsFestivals,STS-DatenbankUrsFestivals00000143,Dansez,FES STT,"Genève, Annemasse",Genève und Aufführungsstätten,GE,,,,a,,,,,,
spa:DatenbankUrsFestivals,STS-DatenbankUrsFestivals00000144,Festival Amadeus,FES,Genève?,Genève,GE,,,,a,,,,,,
spa:DatenbankUrsFestivals,STS-DatenbankUrsFestivals00000145,Voix de Fête,FES,Genève,Genève,GE,,,,a,,,,,,
spa:DatenbankUrsFestivals,STS-DatenbankUrsFestivals00000146,Schlossmediale Werdenberg,FES,Grabs (Werdenberg),Buchs-Werdenberg (SG),SG,,,,a,,,,,,
spa:DatenbankUrsFestivals,STS-DatenbankUrsFestivals00000147,Festival de rire et de rêves,FES,Grandson,Grandson,NE,,,,a,,,,,,
spa:DatenbankUrsFestivals,STS-DatenbankUrsFestivals00000148,Comedy Night Grindelwald,FES VOK,Grindelwald,Grindelwald,BE,,KTV,,a,,,,,,
spa:DatenbankUrsFestivals,STS-DatenbankUrsFestivals00000149,Menuhin Festival Gstaad,FES,Gstaad,Gstaad,BE,,,,a,,,,,,
spa:DatenbankUrsFestivals,STS-DatenbankUrsFestivals00000150,Internationales Gauklerfest Interlaken,FES,Interlaken,Interlaken,BE,,,,a,,,,,,
spa:DatenbankUrsFestivals,STS-DatenbankUrsFestivals00000151,Terra e Laghi (Festival di teatro nell’ insubria),FES,Italien (Varese?),CH: Einz. Reg.: Ital. Schweiz,,,,,a,,,,,,
spa:DatenbankUrsFestivals,STS-DatenbankUrsFestivals00000152,Kabarett in Kreuzlingen (KiK),FES VOK,Kreuzlingen,Kabarett: Kreuzlingen,TG,,,,a,,,,,,
spa:DatenbankUrsFestivals,STS-DatenbankUrsFestivals00000153,Triangel (Internationales Kinder- und Jugendtheaterfestival),-0,Kreuzlingen (und Konstanz und Steckborn),Kreuzlingen,TG,,,,na,,,,,,
spa:DatenbankUrsFestivals,STS-DatenbankUrsFestivals00000154,Antilope Festival,FES,La Chaux-de-Fonds,La Chaux-de-Fonds,NE,,,,a,,,,,,
spa:DatenbankUrsFestivals,STS-DatenbankUrsFestivals00000155,Biennale du Théâtre,-0,La Chaux-de-Fonds,La Chaux-de-Fonds,NE,,,,na,,,,,,
spa:DatenbankUrsFestivals,STS-DatenbankUrsFestivals00000156,La Plage des Six Pompes,FES,La Chaux-de-Fonds,La Chaux-de-Fonds,NE,,,,a,,,,,,
spa:DatenbankUrsFestivals,STS-DatenbankUrsFestivals00000157,La Tour en Scène,FES ATV,La Tour-de-Peilz,La Tour-De-Peilz,VD,,,,a,,,,,,
spa:DatenbankUrsFestivals,STS-DatenbankUrsFestivals00000158,Fliessende Grenzen (Kulturtage),FES,Laufenburg,Laufenburg,AG,,,,a,,,,,,
spa:DatenbankUrsFestivals,STS-DatenbankUrsFestivals00000159,Festival de la Cité Lausanne,FES,Lausanne,"Lausanne (wenn Grundsätzliches, mehrere Aufführungen und ausländische Gastspiele), unter Stammort der einzelnen CH-Theater",VD,,,,a,,,,,,
spa:DatenbankUrsFestivals,STS-DatenbankUrsFestivals00000160,Festival International de Lausanne,-0,Lausanne,"Lausanne: Festival International ... (wenn Grundsätzliches oder mehrere Aufführungen), Kopie an Stammort der einz. Theater, wenn 1-2 Aufführungen, Original unter Lausanne: Festival",VD,,,,na,1955-1984,,,,,
spa:DatenbankUrsFestivals,STS-DatenbankUrsFestivals00000161,Festival International de Marionnettes pour Adultes,-0,Lausanne,Lausanne,VD,,,,na,,,,,,
spa:DatenbankUrsFestivals,STS-DatenbankUrsFestivals00000162,Festival international de théâtre contemporain,-0,Lausanne,Lausanne,VD,,,,na,"1984, 1989, 1992, 1994",,,,,
spa:DatenbankUrsFestivals,STS-DatenbankUrsFestivals00000163,Journées TacTacTac (Journées Tac Tac Tac),FES,Lausanne,Lausanne,VD,,,,a,2016-,,,,,
spa:DatenbankUrsFestivals,STS-DatenbankUrsFestivals00000164,Les Printemps de Sévelin,FES,Lausanne,Lausanne: Théâtre Sévelin 36,VD,,,,a,,,,,,
spa:DatenbankUrsFestivals,STS-DatenbankUrsFestivals00000165,Les Urbaines (Festival),FES,Lausanne,Lausanne,VD,,Premio,,a,,,,,,
spa:DatenbankUrsFestivals,STS-DatenbankUrsFestivals00000166,Programme commun,FES,Lausanne,Lausanne,VD,,,,a,,,,,,
spa:DatenbankUrsFestivals,STS-DatenbankUrsFestivals00000167,Festival de Printemps,-0,Lausanne-Ouchy,Lausanne: Théâtre Tel Quel,VD,,,,na,,,,,,
spa:DatenbankUrsFestivals,STS-DatenbankUrsFestivals00000168,Les jardins musicaux (festival),FES,Le Cernier,Le Cernier,NE,,,,a,,,,,,
spa:DatenbankUrsFestivals,STS-DatenbankUrsFestivals00000169,Der Theaterfunken (Kinder- und Jugendtheaterfestival),FES STT,Lenzburg,CH: Einz. Reg.: Kt. Aargau,AG,,,,a,,,,,,
spa:DatenbankUrsFestivals,STS-DatenbankUrsFestivals00000170,Musikalische Begegnungen Lenzburg (MBL),FES,Lenzburg,Lenzburg,AG,,,,a,1984-,,,,,
spa:DatenbankUrsFestivals,STS-DatenbankUrsFestivals00000171,Theatertage Lenzburg,FES,Lenzburg,Lenzburg,AG,,,,a,,,,,,
spa:DatenbankUrsFestivals,STS-DatenbankUrsFestivals00000172,il gatto danza (später: osa! la danza),-0,Locarno,Locarno,TI,,,,na,,,,,,
spa:DatenbankUrsFestivals,STS-DatenbankUrsFestivals00000173,Il castello incantato –Festival internazionale di teatro con figure,FES STP,Locarno et al.,Locarno,TI,,Unima,,a,,,,,,
spa:DatenbankUrsFestivals,STS-DatenbankUrsFestivals00000174,La Donna Crea (festival internazionale),FES STK,Locarno,Locarno,TI,,,,a,,,,,,
spa:DatenbankUrsFestivals,STS-DatenbankUrsFestivals00000175,osa! la danza,FES STT,Locarno,Locarno,TI,,KTV,,a,,il gatto danza,,,,
spa:DatenbankUrsFestivals,STS-DatenbankUrsFestivals00000176,Maratona del Teatro amatoriale della Svizzera italiana,FES ATV,Locarno et al.,Locarno,TI,,,,a,,,,,,
spa:DatenbankUrsFestivals,STS-DatenbankUrsFestivals00000177,Il Teatro in Festa,FES,Locarno,Locarno: Teatro Paravento,TI,,,,a,,,,,,
spa:DatenbankUrsFestivals,STS-DatenbankUrsFestivals00000178,Confronti teatrali (früher: Giostra del Teatro),-0,Lugano,Lugano,TI,,,,na,,Giostra del teatro,,,,
spa:DatenbankUrsFestivals,STS-DatenbankUrsFestivals00000179,Festival Internazionale del Teatro (FIT),FES,Lugano,Lugano,TI,,,,a,,,,,,
spa:DatenbankUrsFestivals,STS-DatenbankUrsFestivals00000180,Festival Internazionale delle Marionette (Marionetten-Festival),FES STP,"Lugano, später Ascona, dann wieder Lugano",Ascona: Internationales Marionettenfestival,TI,,Unima,,a,,Internationales Festspiel für Marionetten,,,,
spa:DatenbankUrsFestivals,STS-DatenbankUrsFestivals00000181,"Il Maggiolino (Festival Teatro, danza e musica per la prima infanzia)",FES STK,Lugano,Lugano: Teatro Pan,TI,,,,a,,,,,,
spa:DatenbankUrsFestivals,STS-DatenbankUrsFestivals00000182,Orme Festival di arti integrate,FES,Lugano,Lugano,TI,,,,a,,,,,,
spa:DatenbankUrsFestivals,STS-DatenbankUrsFestivals00000183,Giostra del teatro (später: Confronti teatrali),-0,Lugano,Lugano,TI,,,,na,,,,,,
spa:DatenbankUrsFestivals,STS-DatenbankUrsFestivals00000184,Laboratorio Internazionale del Teatro delle Radici,FES,Lugano,Lugano: Teatro delle Radici,TI,,,,a,,,,,,
spa:DatenbankUrsFestivals,STS-DatenbankUrsFestivals00000185,Rassegna Home (Teatro Foce),FES,Lugano,Lugano: Teatro Foce,TI,,,,a,,,,,,
spa:DatenbankUrsFestivals,STS-DatenbankUrsFestivals00000186,SOLOinscena (Solo in Scena),FES,Lugano,Lugano: Il Cortile,TI,,,,a,,,,,,
spa:DatenbankUrsFestivals,STS-DatenbankUrsFestivals00000187,-0,FES,"Lugano, Chiasso et al.",CH:Einz. Reg.:Ital. Schweiz und 1.28,TI,,,,a,,,,,,
spa:DatenbankUrsFestivals,STS-DatenbankUrsFestivals00000188,Heimspiele (Festival)<Trägerschaft: Luzern: Kleintheater Luzern und Luzern: Südpol>,FES,"Luzern, Kriens",Luzern: Kleintheater Luzern,LU,,,,a,,,,,,
spa:DatenbankUrsFestivals,STS-DatenbankUrsFestivals00000189,Internationale Musikfestwochen Luzern (IMF) (später: Lucerne Festival),-0,Luzern,"Luzern: Internat. Musikfestwochen (wenn Grunds, ausl. Gastspiel oder Schweiz. Theater), Zusatzkopie in Stammort Schweiz. Theater",LU,,,,na,,,,,,
spa:DatenbankUrsFestivals,STS-DatenbankUrsFestivals00000190,JUTZ Zentralschweizer Kinder- und Jugendtheatertreffen,FES STT,Luzern,Luzern (ZSV),LU,,,,a,,,,,,
spa:DatenbankUrsFestivals,STS-DatenbankUrsFestivals00000191,Lucerne Festival,FES,Luzern,Luzern,LU,,,,a,,Internationale Musikfestwochen Luzern (IMF),,,,
spa:DatenbankUrsFestivals,STS-DatenbankUrsFestivals00000192,Secondofestival (Secondo Festival),FES,Luzern et. al.,CH: Grundsätzliches,LU,,,,a,,,,,,
spa:DatenbankUrsFestivals,STS-DatenbankUrsFestivals00000193,Zaubersee (Festival),FES,Luzern,Luzern,LU,,,,a,,,,,,
spa:DatenbankUrsFestivals,STS-DatenbankUrsFestivals00000194,Mammern Classics,FES,Mammern,Mammern,TG,,,,a,,,,,,
spa:DatenbankUrsFestivals,STS-DatenbankUrsFestivals00000195,Matten lacht Comedy Nacht,FES VOK,Matten (Interlaken),Matten,BE,,,,a,,,,,,
spa:DatenbankUrsFestivals,STS-DatenbankUrsFestivals00000196,Rencontres théâtrales de Miège,FES ATV,Miège,Miège,VS,,,,a,,,,,,
spa:DatenbankUrsFestivals,STS-DatenbankUrsFestivals00000197,Montreux Comedy Festival,FES VOK,Montreux,Montreux,VD,,,,a,,Festival du Rire,,,,
spa:DatenbankUrsFestivals,STS-DatenbankUrsFestivals00000198,Diabolo Festival Pour Enfants,FES,Morges,Morges,VD,,,,a,,,,,,
spa:DatenbankUrsFestivals,STS-DatenbankUrsFestivals00000199,Morges-sous-Rire (Festival d’Humour),FES VOK,Morges,Morges,VD,,,,a,,,,,,
spa:DatenbankUrsFestivals,STS-DatenbankUrsFestivals00000200,Le Mois Théâtrale,-0,Môtiers,Môtiers,NE,,,,na,,,,,,
spa:DatenbankUrsFestivals,STS-DatenbankUrsFestivals00000201,"Festival ""Les p'tits souliers""",FES STK,Moutier,Moutier,JU,,,,a,,,,,,
spa:DatenbankUrsFestivals,STS-DatenbankUrsFestivals00000202,Festival Espacestand,FES STK,Moutier,Moutier,JU,,,,a,,,,,,
spa:DatenbankUrsFestivals,STS-DatenbankUrsFestivals00000203,Stand'été,FES,Moutier,Moutier,JU,,,,a,,,,,,
spa:DatenbankUrsFestivals,STS-DatenbankUrsFestivals00000204,"""Lach im Guldental""",FES VOK,Mümliswil,Mümliswil,SO,,,,a,,,,,,
spa:DatenbankUrsFestivals,STS-DatenbankUrsFestivals00000205,Classionata,FES,Mümliswil,Mümliswil,SO,,,,a,,,,,,
spa:DatenbankUrsFestivals,STS-DatenbankUrsFestivals00000206,Murten Classics (Sommerfestspiel Murten),FES,Murten,Murten,FR,,,,a,,,,,,
spa:DatenbankUrsFestivals,STS-DatenbankUrsFestivals00000207,Festival de Neuchâtel,-0,Neuchâtel,Neuchâtel,NE,,,,na,,,,,,
spa:DatenbankUrsFestivals,STS-DatenbankUrsFestivals00000208,Festival international de la marionnette (Semaines Internationales de la Marionnette en Pays Neuchâtelois),FES STP,Neuchâtel,Neuchâtel: Semaines Int. De la Marionnette und CH: Einz. Reg.: Kt. Neuchâtel,NE,,Unima,,a,,Semaines Internationales de la Marionnette en Pays Neuchâtelois,,,,
spa:DatenbankUrsFestivals,STS-DatenbankUrsFestivals00000209,Hiver de Danses <organisiert: ADN Association Danse Neuchâtel>,FES STT,Neuchâtel,Neuchâtel,NE,,,,a,,,,,,
spa:DatenbankUrsFestivals,STS-DatenbankUrsFestivals00000210,Théâtre de la connaisasnce (université de Neuchâtel),FES,Neuchâtel,Neuchâtel,NE,,,,a,,,,,,
spa:DatenbankUrsFestivals,STS-DatenbankUrsFestivals00000211,Far Festival (faro Festival des arts vivants),FES TFS,Nyon,Nyon,VD,,Corodis     Premio,,a,,Festival de Théâtre d'été de Nyon,,,,
spa:DatenbankUrsFestivals,STS-DatenbankUrsFestivals00000212,Luna Classics (LunaClassics),FES,Nyon,Nyon,VD,,,,a,,St. Prex Festival (Festival de St. Prex),,,,
spa:DatenbankUrsFestivals,STS-DatenbankUrsFestivals00000213,Théâtre d'été (Festival),-0,Nyon,Nyon,VD,,,,na,,,,,,
spa:DatenbankUrsFestivals,STS-DatenbankUrsFestivals00000214,Performa Festival,FES,o.O.,?,TI,,,,a,,,,,,
spa:DatenbankUrsFestivals,STS-DatenbankUrsFestivals00000215,Freilichtbühne St. Petersinsel,-0,o.O. (Erlach),Bern: Theater für das Bernerland,BE,,,,na,,,,,,
spa:DatenbankUrsFestivals,STS-DatenbankUrsFestivals00000216,Rheintaler Kultur- und Theatertage,FES,ohne Ort (versch. Häuser und Rheintaler Kulturstiftung),?,SG,,,,a,,,,,,
spa:DatenbankUrsFestivals,STS-DatenbankUrsFestivals00000217,knapp live,FES VOK,Olten,Olten,SO,,,,a,2016-,,,,1 R,
spa:DatenbankUrsFestivals,STS-DatenbankUrsFestivals00000218,Laut&Deutlich Poetry Slam,FES VOK,Olten,"Olten (bereinigen mit art i.g., Nachtfieber)",SO,,,,a,,,,,,
spa:DatenbankUrsFestivals,STS-DatenbankUrsFestivals00000219,Oltner Kabarett-Tage (Oltner Cabaret-Tage) (inkl. Oltner Kabarett-Casting/Oltner Kabarettcasting),FES VOK,Olten,Kabarett: Olten,SO,,KTV,,a,,,,,,
spa:DatenbankUrsFestivals,STS-DatenbankUrsFestivals00000220,"Oltner Tanztage (TanzinOlten, Tanz in Olten)",FES STT,Olten,Olten: Oltner Tanztage,SO,,,,a,,,,,,
spa:DatenbankUrsFestivals,STS-DatenbankUrsFestivals00000221,Wortklang,FES VOK,Olten,Olten: Vario-Bar,SO,,,,a,,,,,,
spa:DatenbankUrsFestivals,STS-DatenbankUrsFestivals00000222,Spectacles onésiens,FES,Onex,Onex,GE,,,,a,,,,,,
spa:DatenbankUrsFestivals,STS-DatenbankUrsFestivals00000223,Quinzaine Artistique d'Orbe,-0,Orbe,Orbe,VD,,,,na,1966-1991,,,,,
spa:DatenbankUrsFestivals,STS-DatenbankUrsFestivals00000224,La Cour des Contes,,Plan-les-Ouates,Plan-les-Ouates,GE,,,,a,,,,,,
spa:DatenbankUrsFestivals,STS-DatenbankUrsFestivals00000225,Festival International du One-man-show et de l'Humour,-0,Pully,Pully,VD,,,,na,1982,,,,,
spa:DatenbankUrsFestivals,STS-DatenbankUrsFestivals00000226,Glucose Festival,FES VOK,Riaz,Riaz,FR,,,,a,,,,,,
spa:DatenbankUrsFestivals,STS-DatenbankUrsFestivals00000227,Festival Rümlingen,FES,Rümlingen,Rümlingen,BL,,,,a,,,,,,
spa:DatenbankUrsFestivals,STS-DatenbankUrsFestivals00000228,Dis da cultura da Samedan,FES,Samedan,Samedan,GR,,,,a,,,,,,
spa:DatenbankUrsFestivals,STS-DatenbankUrsFestivals00000229,Festival; Theater Total (Theaterfestival),FES,Sargans,Sargans,SG,,,,a,,,,,,
spa:DatenbankUrsFestivals,STS-DatenbankUrsFestivals00000230,English Theatre Festival Schaffhausen,FES,Schaffhausen,Schaffhausen: Stadttheater Schaffhausen (Verweis: Schaffhausen: Schauwerk),SH,,,,a,,,,,,
spa:DatenbankUrsFestivals,STS-DatenbankUrsFestivals00000231,Festival Jups (Festival Junges Publikum Schaffhausen),FS STK,Schaffhausen,Schaffhausen,SH,,,,a,,,,,,
spa:DatenbankUrsFestivals,STS-DatenbankUrsFestivals00000232,Heimspiel SH,FES,Schaffhausen,Schaffhausen: Stadttheater Schaffhausen,SH,,,,a,,,,,,
spa:DatenbankUrsFestivals,STS-DatenbankUrsFestivals00000233,Internationale Opernwerkstatt,FES,Sigriswil,Sigriswil,BE,,,,a,,,,,,
spa:DatenbankUrsFestivals,STS-DatenbankUrsFestivals00000234,Festival des artistes valaisans,,Sion,Sion,VS,,,,na,,,,,,
spa:DatenbankUrsFestivals,STS-DatenbankUrsFestivals00000235,Festival Scènes Valaisannes,FES,Sion (?),Sion,VS,,,,a,,,,,,
spa:DatenbankUrsFestivals,STS-DatenbankUrsFestivals00000236,Solothurn Classics,FES,Solothurn,Solothurn,SO,,,,a,,Classic Openair Solothurn,,,,
spa:DatenbankUrsFestivals,STS-DatenbankUrsFestivals00000237,Buskers-Festival St. Gallen,FES,St. Gallen,St. Gallen,SG,,,,a,,,,,,
spa:DatenbankUrsFestivals,STS-DatenbankUrsFestivals00000238,St. Galler Festspiele,FES,St. Gallen,St. Gallen: Theater St. Gallen,SG,,,,a,,,,,,
spa:DatenbankUrsFestivals,STS-DatenbankUrsFestivals00000239,"St. Galler Literaturtage ""Wortlaut""",FES,St. Gallen,St. Gallen,SG,,,,a,,,,,,
spa:DatenbankUrsFestivals,STS-DatenbankUrsFestivals00000240,"Theaterfestival für Kinder und Jugendliche (Projekt, noch ohne Titel)",FES STK,St. Gallen,St. Gallen,SG,,,,a,2018-,,,,,
spa:DatenbankUrsFestivals,STS-DatenbankUrsFestivals00000241,"Opéra St. Moritz (inkl. Opéra Basel)(Opera St. Moritz, Opera Basel)",FES,St. Moritz,"St. Moritz (2007 Opernfestival Basel / Riehen, Opera Basel unter: Basel: Opernfestival)",GR,,,,a,,,,,,
spa:DatenbankUrsFestivals,STS-DatenbankUrsFestivals00000242,St. Prex Festival (Festival de St. Prex) (später: Luna Classics),-0,St. Prex,St. Prex,VD,,,,na,,,,,,
spa:DatenbankUrsFestivals,STS-DatenbankUrsFestivals00000243,"Maribur (Rassegna del Teatro di Figura ""Otello Sarzi"" (Festival)",FES STP,Stabio,Stabio,TI,,Unima,,a,,,,,,
spa:DatenbankUrsFestivals,STS-DatenbankUrsFestivals00000244,Stans lacht (Humorfestival),FES VOK,Stans,Stans,NW,,,,a,,,,,,
spa:DatenbankUrsFestivals,STS-DatenbankUrsFestivals00000245,Zeltkultur (Kleinkunstfestival),FES VOK,Starrkirch-Wil,Starrkirch-Wil,SO,,,,a,,,,,,
spa:DatenbankUrsFestivals,STS-DatenbankUrsFestivals00000246,tanz:now (Tanzfestival Theater Phönix),FS STT,Steckborn ,Steckborn: Phönix-Theater,TG,,,,a,,theater:now (Theater: Now),,,,
spa:DatenbankUrsFestivals,STS-DatenbankUrsFestivals00000247,"theater:now (Theater: Now) (später: tanz:now, Tanzfestival Theater Phönix)",-0,Steckborn ,Steckborn: Phönix-Theater,TG,,,,na,,,,,,
spa:DatenbankUrsFestivals,STS-DatenbankUrsFestivals00000248,nordArt (Festival),FES,Stein am Rhein,Stein am Rhein,TG,,,,a,,,,,,
spa:DatenbankUrsFestivals,STS-DatenbankUrsFestivals00000249,Variations Musicales de Tannay,FES,Tannay,Tannay,VD,,,,a,,,,,,
spa:DatenbankUrsFestivals,STS-DatenbankUrsFestivals00000250,Internationales Amateurtheaterfestival Thun,-0,Thun,Thun,BE,,,,na,1986-2002,,,,,
spa:DatenbankUrsFestivals,STS-DatenbankUrsFestivals00000251,Schweizer Künstlerbörse (KTV),FES VOK,Thun (früher wechselnde Orte),Schweiz: Grundsätzliches: KTV-Börse,BE,,,,a,,,,,,
spa:DatenbankUrsFestivals,STS-DatenbankUrsFestivals00000252,Theaterfestival Thusis (Festival da teater Tusaun,FES ATV,Thusis,Thusis (nicht ZSV?),GE,,,,a,,,,,,
spa:DatenbankUrsFestivals,STS-DatenbankUrsFestivals00000253,Sommertheater Überlingen,FES,Überlingen,Konstanz,,,,,a,,,,,,
spa:DatenbankUrsFestivals,STS-DatenbankUrsFestivals00000254,Hinterhalt-Festival,FES,Uster,Uster,ZH,,,,a,,,,,,
spa:DatenbankUrsFestivals,STS-DatenbankUrsFestivals00000255,Verbier Festival,FES,Verbier,Verbier,VS,,,,a,,,,,,
spa:DatenbankUrsFestivals,STS-DatenbankUrsFestivals00000256,Festival de danse contemporaine de Vernier,-0,Vernier,Vernier,GE,,,,na,1983-1993,,,,,
spa:DatenbankUrsFestivals,STS-DatenbankUrsFestivals00000257,Bodenseefestival,FES,verschiedene Orte, CH: Einz. Regionen: Ostschweiz,"A, CH, D",,,,a,,,,,,
spa:DatenbankUrsFestivals,STS-DatenbankUrsFestivals00000258,éviDanse (eviDanse) (festival),FES STT,verschiedene Orte,CH: Einz. Regionen: Jura,JU,,,,a,,,,,,
spa:DatenbankUrsFestivals,STS-DatenbankUrsFestivals00000259,Incontri Teatrali (TASI),-0,verschiedene Orte, Lugano: TASI und CH: Einz. Regionen: Italienische Schweiz (bereinigen),TI,,,,na,,,,,,
spa:DatenbankUrsFestivals,STS-DatenbankUrsFestivals00000260,Wintergäste (Reihe),FES,verschiedene Orte, CH: Einz. Regionen: Baselland,BL,,,,a,,,,,,
spa:DatenbankUrsFestivals,STS-DatenbankUrsFestivals00000261,Schultheatertage Ostschweiz,FES ATV,verschiedene Orte ,CH: Einz. Regionen: Ostschweiz,,,,,,,,,,,
spa:DatenbankUrsFestivals,STS-DatenbankUrsFestivals00000262,Festival de création amateurs,-0,Vevey,Vevey,VD,,,,na,,,,,,
spa:DatenbankUrsFestivals,STS-DatenbankUrsFestivals00000263,ACT (Performance Festival der Schweizer Kunsthochschulen / Platforme performative des hautes écoles d'art Suisse),FES AUS,wechselnde Orte,CH: Grundsätzliches: Tourneen,-0,,,,a,,,,,,
spa:DatenbankUrsFestivals,STS-DatenbankUrsFestivals00000264,Biennale des Schweizer Amateurtheaters,FES ATV,wechselnde Orte,"ZSV, Ort?",,,,,a,,,,,,
spa:DatenbankUrsFestivals,STS-DatenbankUrsFestivals00000265,Festival du cartel des petits théâtres de Suisse Romande,-0,wechselnde Orte,CH: Einz. Regionen: Suisse Romande,,,,,na,,,,,,
spa:DatenbankUrsFestivals,STS-DatenbankUrsFestivals00000266,Figuresco (Figurentheatertag für Kinder),FES STK,wechselnde Orte,Ch: Grundsätzliches: wechselnde Orte,,,,,a,,,,,,
spa:DatenbankUrsFestivals,STS-DatenbankUrsFestivals00000267,Journées de théâtre suisse contemporain (JTSC),FES,wechselnde Orte,CH: Grundsätzliches,,,,,a,,,,,,
spa:DatenbankUrsFestivals,STS-DatenbankUrsFestivals00000268,"Kinderland (Paese die Ragazzi, FestiKids Openair)",FES,wechselnde Orte,CH: Grundsätzliches: wechselnde Orte: Kinderland,,,,,a,,,,,,
spa:DatenbankUrsFestivals,STS-DatenbankUrsFestivals00000269,Liederlich (Liedermacherfestival),FES VOK,wechselnde Orte,Zürich,,,,,a,,,,,,
spa:DatenbankUrsFestivals,STS-DatenbankUrsFestivals00000270,Schweizer KleinKunstTag,FES VOK,wechselnde Orte,CH: Grundsätzliches: KleinKunstTag),,,,,a,,,,,,
spa:DatenbankUrsFestivals,STS-DatenbankUrsFestivals00000271,sagenhaft (Kulturprojekt Albert Koechlin Stiftung) (2013),Kulturprojekt,wechselnde Orte,CH: Einz. Regionen: Innerschweiz,,,,,na,2013,,,,,
spa:DatenbankUrsFestivals,STS-DatenbankUrsFestivals00000272,sehnsucht (Kulturprojekt Albert Koechlin Stiftung) (2016),Kulturprojekt,wechselnde Orte,CH: Einz. Regionen: Innerschweiz,,,,,na,2016,,,,,
spa:DatenbankUrsFestivals,STS-DatenbankUrsFestivals00000273,"SPOT (Kinder- und Juendtheaterfestival, Kinder- und Jugendtheatertreffen)",FES STK,wechselnde Orte,"uneinheitliche Ablage: z.T. unter Bremgarten,z.T. unter CH: Grundsätzliches, ASTEJ u Sacherschliessung 1.28 (auch eigenes Couvert unter Bern)",-0,,,,a,,KJTT Schweizerische Kinder- und Jugendtheatertage,,,,
spa:DatenbankUrsFestivals,STS-DatenbankUrsFestivals00000274,Theaterfestival BVV <STS unter ZSV Theaterfestival BVV>,FES ATV,wechselnde Orte, CH: Grundsätzliches: KleinKunstTag,GR,,,,a,,,,,,
spa:DatenbankUrsFestivals,STS-DatenbankUrsFestivals00000275,Thurgauer Theatertage (TTT),FES,wechselnde Orte,CH: Einz. Reg.: Kt. Thurgau,,,,,a,,,,,,
spa:DatenbankUrsFestivals,STS-DatenbankUrsFestivals00000276,Zeitgenössische Schweizer Tanztage (Journées de danse contemporaine Suisse / Giornate di danza contemporanea Svizzera / Swiss Comteporary Dance Days / Schweizer Tanztage / Swiss Dance Days,FES STT,wechselnde Orte,CH: Grundsätzliches: Tanz: Zeitgenössische Schweizer Tanztage,-0,,,,a,,Schweizer Zeitgenössische Tanztage,,,,
spa:DatenbankUrsFestivals,STS-DatenbankUrsFestivals00000277,Schweizer Theatertreffen,FES,"wechselnde Orte (Winterthur, Genève) ",CH: Grundsätzliches: Schweizer Theatertreffen (Reorganisation in Bearb.),,,,,a,,,,,,
spa:DatenbankUrsFestivals,STS-DatenbankUrsFestivals00000278,theaterblitze,FES,Weinfelden,Weinfelden,TG,,,,a,,,,,,
spa:DatenbankUrsFestivals,STS-DatenbankUrsFestivals00000279,augenauf! (Festival Winterthurer Theaterhäuser),FES,Winterthur,Winterthur,ZH,,,,a,2015-,,,,,
spa:DatenbankUrsFestivals,STS-DatenbankUrsFestivals00000280,Bundesordner <satirischer Jahresrückblick Casinotheater Winterthur mit Tournée>,FES VOK,Winterthur,Winterthur: Casinotheater,ZH,,,,a,,,,,,
spa:DatenbankUrsFestivals,STS-DatenbankUrsFestivals00000281,Frischlingsparade,-0,Winterthur,Winterthur: Casinotheater,ZH,,,,a,,,,,,
spa:DatenbankUrsFestivals,STS-DatenbankUrsFestivals00000282,Stille Kracht (Dinnerspektakel),,Winterthur,Winterthur: Casinotheater,ZH,,,,a,,,,,,
spa:DatenbankUrsFestivals,STS-DatenbankUrsFestivals00000283,"Tanzfestival Winterthur, Tanzzeitfestival Winterthur (tanzinwinterthur)",FES STT,Winterthur,Winterthur,ZH,,,,a,,,,,,
spa:DatenbankUrsFestivals,STS-DatenbankUrsFestivals00000284,Winterthur fliegt,FES,Winterthur,Winterthur: Theater Winterthur,ZH,,,,a,,,,,,
spa:DatenbankUrsFestivals,STS-DatenbankUrsFestivals00000285,Winterthurer Theater-Mai,-0,Winterthur,"Winterthur: Winterthurer Theater-Mai, wenn Grundsätzliches. Mehrere Aufführungen oder ausländische Gastspiele, Verweiskopie in Stammort des einzelnen Schweizer Theaters, wenn nur 1-2 Aufführungen)",,,,,na,1980-,,,,,
spa:DatenbankUrsFestivals,STS-DatenbankUrsFestivals00000286,Winterthurer Theaterfrühling,FES,Winterthur,Winterthur,ZH,,,,a,,,,,,
spa:DatenbankUrsFestivals,STS-DatenbankUrsFestivals00000287,Jeux du Castrum <festival de rue>,FES,Yverdon,Yverdon,VD,,,,a,,,,,,
spa:DatenbankUrsFestivals,STS-DatenbankUrsFestivals00000288,Heitere Comedy Open Air,FES,Zofingen,Zofingen,AG,,,,a,(noch existen?),,,,,
spa:DatenbankUrsFestivals,STS-DatenbankUrsFestivals00000289,Moonlight Classics (Die grosse Gala der Klassik),FES,Zofingen,Zofingen,AG,,,,a,,Classic Open Air,,,,
spa:DatenbankUrsFestivals,STS-DatenbankUrsFestivals00000290,Breakthrough International Breakdance Festival,FES STT,Zürich,Zürich,ZH,,,,a,,,,,,
spa:DatenbankUrsFestivals,STS-DatenbankUrsFestivals00000291,Die urbane Geschichtenoase (Palmenhaus),FES,Zürich,Zürich,ZH,,,,a,,,,,,
spa:DatenbankUrsFestivals,STS-DatenbankUrsFestivals00000292,Dunkelschön Art-Perfromance-Festival,FES,Zürich,Zürich: Rote Fabrik,ZH,,,,a,,,,,,
spa:DatenbankUrsFestivals,STS-DatenbankUrsFestivals00000293,E-motions (Tanzfestival),FES STT,Zürich,Zürich,ZH,,,,na,,,,,,
spa:DatenbankUrsFestivals,STS-DatenbankUrsFestivals00000294,Festival am See,FES,Zürich,Zürich,ZH,,,,na,,,,,,
spa:DatenbankUrsFestivals,STS-DatenbankUrsFestivals00000295,Festival der Künste (ZHDK),FES,Zürich,Zürich,ZH,,,,a,,,,,,
spa:DatenbankUrsFestivals,STS-DatenbankUrsFestivals00000296,"Forum Tanz (reso, Danse Suisse, Pro Helvetia)",FES STT,Zürich,Institutionen: Forum Tanz,ZH,,,,a,,,,,,
spa:DatenbankUrsFestivals,STS-DatenbankUrsFestivals00000297,Freischwimmer Festival,FES TFS,Zürich,Zürich: Gessnerallee,ZH ,,,,a,,,,,,
spa:DatenbankUrsFestivals,STS-DatenbankUrsFestivals00000298,Gipfelstürmer Festival,-0,Zürich,Zürich: Gessnerallee,ZH ,,,,na,1994-2011,,,,,
spa:DatenbankUrsFestivals,STS-DatenbankUrsFestivals00000299,Hope & Glory Festival der jungen Talente,FES,Zürich,Zürich,ZH,,,,na,,,,,,
spa:DatenbankUrsFestivals,STS-DatenbankUrsFestivals00000300,Internationales Puppentheater-Festival Zürich,-0,Zürich,Zürich: Zürchr Puppentheater,ZH,,,,na,"1984, 1988",,,,,
spa:DatenbankUrsFestivals,STS-DatenbankUrsFestivals00000301,Internationales Theatersportfestival,FES,Zürich,Zürich: Eidgenössisches Improvisationstheater,ZH,,,,a,,,,,,
spa:DatenbankUrsFestivals,STS-DatenbankUrsFestivals00000302,Juni-Festwochen Zürich (später: Zürcher Festspiele),-0,Zürich,"Zürich, Juni-Festwochen (wenn Grundsätzliches, mehrere Aufführungen u. Veranstaltungen ausserhalb der üblichen Spielstätten), Stammort einz. Schweizer Theater (in allen anderen Fällen)",ZH,,,,na,1921-1993,,,,,
spa:DatenbankUrsFestivals,STS-DatenbankUrsFestivals00000303,Keine Disziplin (Internationales Festival),FES TFS,Zürich,Zürich: Gessnerallee,ZH,,,,a,,,,,,
spa:DatenbankUrsFestivals,STS-DatenbankUrsFestivals00000304,Laugh up! Stand Up!,FES VOK,Zürich,Zürich,ZH,,,,a,,,,,,
spa:DatenbankUrsFestivals,STS-DatenbankUrsFestivals00000305,Miller’s Spektakuli (Spektatkuli) (Internationales Kabarettfestival),FES VOK,Zürich,Zürich: Miller's Studio),ZH,,,,a,2015-,,,,,
spa:DatenbankUrsFestivals,STS-DatenbankUrsFestivals00000306,Modetheater,-0,Zürich,Zürich: Schweizerische Landesausstellung Zürich (1939) u. Zürich: Schweizer Modewoche (1942-1944),ZH,,,,na,"1939, 1942-1944",,,,,
spa:DatenbankUrsFestivals,STS-DatenbankUrsFestivals00000307,Okkupation – Internationales Theaterfestival (Rote Fabrik),-0,Zürich,Zürich: Theater Hora (ZSV),ZH,,,,na,,,,,,
spa:DatenbankUrsFestivals,STS-DatenbankUrsFestivals00000308,Quinzaine culturelle romande,-0,Zürich,Zürich: MGB,ZH,,,,na,,,,,,
spa:DatenbankUrsFestivals,STS-DatenbankUrsFestivals00000309,Schläck Theater für Chind ,-0,Zürich,Zürich,ZH,,,,na,1984,,,,,
spa:DatenbankUrsFestivals,STS-DatenbankUrsFestivals00000310,Stand Up! Comedy Show,-0,Zürich,Zürich: Bernhard Theater,ZH,,,,a,,,,,,
spa:DatenbankUrsFestivals,STS-DatenbankUrsFestivals00000311,Spunk Zürcher Impro-Theater Festival,FES,Zürich,Zürich,ZH,,,,a,,,,,,
spa:DatenbankUrsFestivals,STS-DatenbankUrsFestivals00000312,Stromereien (Performance-Festival),FES TFS,Zürich,Zürich,ZH,,,,a,,,,,,
spa:DatenbankUrsFestivals,STS-DatenbankUrsFestivals00000313,Take That (Festival),FES,Zürich,Zürich: Gessnerallee und Zürich: Tanzhaus Zürich und Zürich: Rote Fabrik,ZH,,,,a,,,,,,
spa:DatenbankUrsFestivals,STS-DatenbankUrsFestivals00000314,Tanzströmungen,FES STT,Zürich,Zürich,ZH,,,,na,,,,,,
spa:DatenbankUrsFestivals,STS-DatenbankUrsFestivals00000315,Yeah Yeah Yeah Internationales Zürcher Tanzfestival ,FES STT,Zürich,Zürich: Rote Fabrik,ZH,,,,a,,,,,,
spa:DatenbankUrsFestivals,STS-DatenbankUrsFestivals00000316,Zürcher Festspiele (ab 2012 Festspiele Zürich) (früher: Juni-Festwochen Zürich),FES,Zürich,Zürich,ZH,,,,a,1996-,Juni-Festwochen Zürich,,,,
spa:DatenbankUrsFestivals,STS-DatenbankUrsFestivals00000317,Zürcher Restspiele,FES TFS,Zürich,Zürich: Rote Fabrik,ZH,,,,a,,,,,,
spa:DatenbankUrsFestivals,STS-DatenbankUrsFestivals00000318,Zürcher Theaterspektakel (Zürcher Theater Spektakel),FES,Zürich,Zürich,ZH,,,,a,,,,,,
spa:DatenbankUrsFestivals,STS-DatenbankUrsFestivals00000319,Zürich moves (Festival for Contemporary Dance),FES STT,Zürich,Zürich,ZH,,Premio,,a,,,,,,
spa:DatenbankUrsFestivals,STS-DatenbankUrsFestivals00000320,Zürich tanzt (Festival),FES STT,Zürich,Zürich,ZH,,,,a,,,,,,
spa:DatenbankUrsFestivals,STS-DatenbankUrsFestivals00000321,Pas de problème (Festival),,Zürich (Schwamendingen),Zürich,ZH,,,,a,,,,,,
spa:DatenbankUrsFestivals,STS-DatenbankUrsFestivals00000322,Das Tanzfest (Fète de la danse / Festa danzante),FES STT,Zürich et. al.,CH: Grundsätzliches: Das Tanzfest (Doubletten unter einz. Orte),ZH ...,,,,a,,,,,,
spa:DatenbankUrsFestivals,STS-DatenbankUrsFestivals00000323,Lilibiggs Kinder Festivals,FES STK,Zürich et. al.,CH: Grundsätzliches: Tourneen: Lilibiggs,ZH ...,,,,a,,,,,,
spa:DatenbankUrsFestivals,STS-DatenbankUrsFestivals00000324,Steps (Tanzfestival),FES STT,Zürich et. al.,Zürich: MGB,ZH ...,,,,a,,,,,,
spa:DatenbankUrsFestivals,STS-DatenbankUrsFestivals00000325,Tanzfaktor interregio,FS STT,Zürich et. al.,Zürich,ZH ...,,,,a,,Tanz>faktor ,,,,
spa:DatenbankUrsFestivals,STS-DatenbankUrsFestivals00000326,Tanznovember,-0,Zürich et. Al.,Zürich: AG Tanz?,ZH,,,,na,"1985-1988, 1991",,,,1 C (Bern),2000-  (Bern)
spa:DatenbankUrsFestivals,STS-DatenbankUrsFestivals00000327,Blickfelder (Theaterfestival),FES STK,"Zürich, Bern, Basel ...","Zürich, Bern, Basel ...","ZH, BE, BS ...",,,,a,,,,,,
spa:DatenbankUrsFestivals,STS-DatenbankUrsFestivals00000328,Konzilfestspiele,FES,Konstanz,D: Konstanz,-0,,,,a,,,,,,
